INSERT INTO events (id, name, eventInfo, eventDate, location, preOrderClose, createdAt)
VALUES
(1, 'Food Menu - Jul 2026', 'လူထု ရန်ပုံငွေပွဲ', '2026-07-25 13:00:00', 'Panmure Community Hall', '2026-06-23 23:59:59', NOW()),
(2, 'Food Menu - Aug 2026', 'ပညာရေး ရန်ပုံငွေပွဲ', '2026-08-28 11:00:00', '16 Kelkirk Street, Kelston', '2026-08-25 23:59:59', NOW());

INSERT INTO menu_items (id, itemCode, name, category, price, stockQty, isSoldOut, eventId, createdAt)
VALUES
(1, 'MD001', 'ရှမ်းခေါက်ဆွဲ + တို့ဟူးကြော်', 'MAIN_DISH', 15, 22, false, 2, NOW()),
(2, 'MD002', 'ရှမ်းမုန့်ညှင်းချဉ်', 'MAIN_DISH', 10, 18, false, 2, NOW()),
(3, 'MD003', 'ဘလာချောင်ကြော်', 'MAIN_DISH', 10, 15, false, 2, NOW()),
(4, 'MD004', 'ကြေးအိုးဆီချက်', 'MAIN_DISH', 20, 25, false, 2, NOW()),
(5, 'MD005', 'အကြော်စုံ', 'MAIN_DISH', 15, 20, false, 2, NOW()),
(6, 'MD006', 'ပဲပြုတ်', 'MAIN_DISH', 10, 28, false, 2, NOW()),
(7, 'MD007', 'ငရုတ်သီးလှော်ထောင်းမှုန့်', 'MAIN_DISH', 10, 16, false, 2, NOW()),
(8, 'MD008', 'ငါးခြောက်အသားခြောက်စပ်ကြော်', 'MAIN_DISH', 15, 19, false, 2, NOW()),
(9, 'MD009', 'ကြက်မာသားဆီပြန်', 'MAIN_DISH', 15, 10, true, 2, NOW()),
(10, 'MD010', 'အမဲသားနှပ်', 'MAIN_DISH', 15, 24, false, 2, NOW()),
(11, 'MD011', 'မြန်မာအသုပ်စုံရှယ်', 'MAIN_DISH', 15, 21, false, 2, NOW()),
(12, 'SN001', 'ပဲပလာတာ', 'SNACK', 10, 17, false, 2, NOW()),
(13, 'SN002', 'မုန့်ဖက်ထုပ်(၃ထုပ်)', 'SNACK', 5, 30, false, 2, NOW()),
(14, 'SN003', 'ဘိန်းမုန့်', 'SNACK', 10, 14, false, 2, NOW()),
(15, 'SN004', 'ကောက်ညှင်းရွှေချီ', 'SNACK', 10, 13, false, 2, NOW()),
(16, 'DR001', 'မြန်မာလက်ဘက်ရည်', 'DRINK', 5, 29, false, 2, NOW()),
(17, 'SP001', 'မုန့်ဟင်းခါး Single Pack', 'MAIN_DISH', 15, 20, false, 2, NOW()),
(18, 'SP002', 'မုန့်ဟင်းခါး Family Pack', 'MAIN_DISH', 50, 12, false, 2, NOW()),
(19, 'MD101', 'အသုပ်စုံ', 'MAIN_DISH', 15, 20, false, 2, NOW()),
(20, 'MD102', 'နန်းကြီးသုပ်', 'MAIN_DISH', 15, 25, false, 2, NOW()),
(21, 'MD103', '၀က်သားတုတ်ထိုး', 'MAIN_DISH', 15, 19, false, 2, NOW()),
(22, 'MD104', 'ငါးကြော်နှပ်', 'MAIN_DISH', 20, 17, false, 2, NOW()),
(23, 'MD105', 'ငါးကြင်းဟင်း', 'MAIN_DISH', 20, 16, false, 2, NOW()),
(24, 'MD106', 'ဆိတ်ကလယ်ချက်', 'MAIN_DISH', 20, 21, false, 2, NOW()),
(25, 'MD107', 'ကြက်သားဒံပေါက်', 'MAIN_DISH', 20, 24, false, 2, NOW()),
(26, 'MD108', 'ပင်လယ်စာစုံချဉ်စပ်', 'MAIN_DISH', 20, 18, false, 2, NOW()),
(27, 'MD109', 'ပုဇွန်ချဉ်', 'MAIN_DISH', 15, 14, false, 2, NOW()),
(28, 'MD110', 'မြိတ်ပုဇွန်ချဉ်', 'MAIN_DISH', 15, 13, false, 2, NOW()),
(29, 'MD111', 'ပုဇွန်ခြောက် ဘလာချောင်ကြော်', 'MAIN_DISH', 15, 15, false, 2, NOW()),
(30, 'MD112', 'မရမ်းသီးငပိကြော်', 'MAIN_DISH', 15, 11, false, 2, NOW()),
(31, 'MD113', 'ငရုတ်သီးမှုန့်', 'MAIN_DISH', 10, 26, false, 2, NOW()),
(32, 'MD114', 'ကြက်သွန်ဖြူဆီချက်', 'MAIN_DISH', 10, 22, false, 2, NOW()),
(33, 'MD115', 'ချဉ်ပေါင်ကြော်', 'MAIN_DISH', 15, 20, false, 2, NOW()),
(34, 'MD116', 'သီးစုံသနပ်', 'MAIN_DISH', 15, 27, false, 2, NOW()),
(35, 'MD117', 'ရှမ်းတို့ဟူးကြော်', 'MAIN_DISH', 10, 23, false, 2, NOW()),
(36, 'MD118', 'ရှမ်းဟင်းထုပ် (၀က်)', 'MAIN_DISH', 15, 17, false, 2, NOW()),
(37, 'MD119', 'ဟင်းထုပ် (မာလ ကြက်)', 'MAIN_DISH', 15, 12, false, 2, NOW()),
(38, 'MD120', 'ကယားဝက်အူချောင်း', 'MAIN_DISH', 15, 18, false, 2, NOW()),
(39, 'MD121', 'ပဲကြော်', 'MAIN_DISH', 25, 10, false, 2, NOW()),
(40, 'MD122', 'ပဲပြုတ်', 'MAIN_DISH', 10, 20, false, 2, NOW()),
(41, 'MD123', 'ရှမ်းခေါက်ဆွဲ', 'MAIN_DISH', 20, 30, false, 2, NOW()),
(42, 'MD124', 'မုန့်ဟင်းခါး', 'MAIN_DISH', 15, 21, false, 2, NOW()),
(43, 'MD125', 'ကောက်ညှင်းပေါင်း', 'MAIN_DISH', 10, 24, false, 2, NOW()),
(44, 'SN101', 'မန္တလေး ပဲကြော်', 'SNACK', 10, 22, false, 2, NOW()),
(45, 'SN102', 'ကောက်ညှင်း ပဲကပ်ကြော်', 'SNACK', 10, 16, false, 2, NOW()),
(46, 'SN103', 'မုန့်လက်ကောက်', 'SNACK', 10, 19, false, 2, NOW()),
(47, 'SN104', 'ဒူးရင်းကောက်ညင်း', 'SNACK', 10, 15, false, 2, NOW()),
(48, 'SN105', 'မုန့်လုံးရေပေါ်', 'SNACK', 10, 18, false, 2, NOW()),
(49, 'SN106', 'ဇီးယို', 'SNACK', 10, 13, false, 2, NOW()),
(50, 'SN107', 'စာကလေးခွေ', 'SNACK', 10, 12, false, 2, NOW()),
(51, 'SN108', 'အုန်းနို့သာကူပြင်', 'SNACK', 10, 29, false, 2, NOW()),
(52, 'SN109', 'နို့မလိုင်လုံး', 'SNACK', 10, 17, false, 2, NOW()),
(53, 'SN110', 'ငှက်ပျောသီး ဆနွင်းမကင်း', 'SNACK', 10, 14, false, 2, NOW()),
(54, 'SN111', 'ရွှေကြည် ဆနွင်းမကင်း', 'SNACK', 10, 20, false, 2, NOW()),
(55, 'SN112', 'Nankahtai (နံကထိုင်)', 'SNACK', 10, 18, false, 2, NOW()),
(56, 'SN113', 'Chicken curry puff', 'SNACK', 15, 11, false, 2, NOW()),
(57, 'SN114', 'အာလူးမာလာ', 'SNACK', 10, 27, false, 2, NOW()),
(58, 'SN115', 'မုန့်လေပွေ', 'SNACK', 10, 16, false, 2, NOW()),
(59, 'DS101', 'Tiramisu', 'DESSERT', 15, 10, false, 2, NOW()),
(60, 'DS102', 'Matcha Chocolate Cookie', 'DESSERT', 10, 23, false, 2, NOW()),
(61, 'DS103', 'သာခွေယိုင်', 'DESSERT', 10, 21, false, 2, NOW()),
(62, 'DR101', 'Durian Bubble Tea', 'DRINK', 10, 18, false, 2, NOW()),
(63, 'DR102', 'Creamy Matcha Bubble Tea', 'DRINK', 10, 20, false, 2, NOW()),
(64, 'DR103', 'ထိုင်း ရွှေရင်အေး', 'DRINK', 10, 17, false, 2, NOW()),
(65, 'SP101', 'မုန့်ဟင်းခါး Single Pack', 'MAIN_DISH', 15, 19, false, 2, NOW()),
(66, 'SP102', 'မုန့်ဟင်းခါး Family Pack', 'MAIN_DISH', 50, 10, false, 2, NOW()),
(67, 'SP103', '၀က်သားတုတ်ထိုး + ကြာဆံကြော် Single Pack', 'MAIN_DISH', 20, 14, false, 2, NOW()),
(68, 'SP104', '၀က်သားတုတ်ထိုး + ကြာဆံကြော် Family Pack', 'MAIN_DISH', 50, 11, false, 2, NOW());

INSERT INTO customers (id, name, phone, createdAt)
VALUES
(1, 'Sandar', '02902266326', NOW()),
(2, 'Aung Min', '0214455667', NOW()),
(3, 'Moe Thidar', '0221144556', NOW()),
(4, 'Su Mon', '0293344556', NOW()),
(5, 'Kyaw Zin', '0219988776', NOW()),
(6, 'Ei Phyu', '0226677889', NOW()),
(7, 'Nyein Chan', '0295566778', NOW()),
(8, 'Thiri Win', '0212233445', NOW()),
(9, 'Ko Ko Htet', '0229988112', NOW()),
(10, 'Cherry May', '0291122334', NOW()),
(11, 'Zin Mar', '0215566443', NOW()),
(12, 'Phyo Wai', '0223344551', NOW()),
(13, 'May Thazin', '0298899001', NOW()),
(14, 'Soe Naing', '0216677554', NOW()),
(15, 'Hnin Pwint', '0224455998', NOW());

INSERT INTO orders (id, orderNumber, note, eventId, customerId, status, total, createdAt, updatedAt)
VALUES
(1, 'ORD-202602-001', 'someone pickup for me', 1, 1, 'COMPLETED', 40, '2026-02-20 10:00:00', NOW()),
(2, 'ORD-202602-002', '', 1, 2, 'COMPLETED', 35, '2026-02-20 11:00:00', NOW()),
(3, 'ORD-202602-003', 'I will pick up on downtown', 1, 3, 'COMPLETED', 45, '2026-02-21 09:30:00', NOW()),
(4, 'ORD-202602-004', '', 1, 4, 'CANCELLED', 35, '2026-02-21 12:00:00', NOW()),
(5, 'ORD-202602-005', 'someone pickup for me', 1, 5, 'COMPLETED', 70, '2026-02-22 13:00:00', NOW()),
(6, 'ORD-202602-006', '', 1, 6, 'CONFIRMED', 30, '2026-02-22 14:00:00', NOW()),
(7, 'ORD-202602-007', 'I will pick up on downtown', 1, 7, 'COMPLETED', 60, '2026-02-23 15:00:00', NOW()),
(8, 'ORD-202602-008', '', 1, 8, 'PENDING', 35, '2026-02-23 16:00:00', NOW()),
(9, 'ORD-202602-009', 'someone pickup for me', 1, 9, 'COMPLETED', 55, '2026-02-24 17:00:00', NOW()),
(10, 'ORD-202602-010', '', 1, 10, 'COMPLETED', 40, '2026-02-24 18:00:00', NOW()),
(11, 'ORD-202606-001', 'someone pickup for me', 2, 1, 'PENDING', 55, '2026-05-10 10:00:00', NOW()),
(12, 'ORD-202606-002', '', 2, 11, 'CONFIRMED', 45, '2026-05-11 11:00:00', NOW()),
(13, 'ORD-202606-003', 'I will pick up on downtown', 2, 12, 'PENDING', 60, '2026-05-11 12:00:00', NOW()),
(14, 'ORD-202606-004', '', 2, 13, 'CONFIRMED', 40, '2026-05-12 13:00:00', NOW()),
(15, 'ORD-202606-005', 'someone pickup for me', 2, 14, 'PENDING', 50, '2026-05-12 14:00:00', NOW()),
(16, 'ORD-202606-006', '', 2, 15, 'CONFIRMED', 70, '2026-05-13 15:00:00', NOW()),
(17, 'ORD-202606-007', 'I will pick up on downtown', 2, 2, 'PENDING', 45, '2026-05-13 16:00:00', NOW()),
(18, 'ORD-202606-008', '', 2, 3, 'CONFIRMED', 80, '2026-05-14 17:00:00', NOW()),
(19, 'ORD-202606-009', 'someone pickup for me', 2, 4, 'PENDING', 40, '2026-05-14 18:00:00', NOW()),
(20, 'ORD-202606-010', '', 2, 5, 'CONFIRMED', 60, '2026-05-15 19:00:00', NOW());

INSERT INTO order_items (id, orderId, menuItemId, qty, unitPrice, subtotal)
VALUES
(1, 1, 1, 1, 15, 15),
(2, 1, 12, 1, 10, 10),
(3, 1, 16, 3, 5, 15),
(4, 2, 4, 1, 20, 20),
(5, 2, 13, 1, 5, 5),
(6, 2, 14, 1, 10, 10),
(7, 3, 5, 1, 15, 15),
(8, 3, 10, 1, 15, 15),
(9, 3, 15, 1, 10, 10),
(10, 3, 16, 1, 5, 5),
(11, 4, 2, 1, 10, 10),
(12, 4, 3, 1, 10, 10),
(13, 4, 17, 1, 15, 15),
(14, 5, 18, 1, 50, 50),
(15, 5, 13, 2, 5, 10),
(16, 5, 16, 2, 5, 10),
(17, 6, 6, 1, 10, 10),
(18, 6, 12, 1, 10, 10),
(19, 6, 16, 2, 5, 10),
(20, 7, 4, 1, 20, 20),
(21, 7, 5, 1, 15, 15),
(22, 7, 17, 1, 15, 15),
(23, 7, 16, 2, 5, 10),
(24, 8, 1, 1, 15, 15),
(25, 8, 13, 2, 5, 10),
(26, 8, 16, 2, 5, 10),
(27, 9, 10, 2, 15, 30),
(28, 9, 14, 1, 10, 10),
(29, 9, 16, 3, 5, 15),
(30, 10, 11, 1, 15, 15),
(31, 10, 15, 2, 10, 20),
(32, 10, 16, 1, 5, 5),
(33, 11, 19, 1, 15, 15),
(34, 11, 44, 1, 10, 10),
(35, 11, 62, 3, 10, 30),
(36, 12, 20, 1, 15, 15),
(37, 12, 35, 1, 10, 10),
(38, 12, 64, 2, 10, 20),
(39, 13, 25, 1, 20, 20),
(40, 13, 41, 1, 20, 20),
(41, 13, 63, 2, 10, 20),
(42, 14, 21, 1, 15, 15),
(43, 14, 45, 1, 10, 10),
(44, 14, 61, 1, 10, 10),
(45, 14, 64, 1, 10, 10),
(46, 15, 24, 1, 20, 20),
(47, 15, 33, 1, 15, 15),
(48, 15, 57, 1, 10, 10),
(49, 15, 64, 1, 10, 10),
(50, 16, 66, 1, 50, 50),
(51, 16, 52, 1, 10, 10),
(52, 16, 63, 1, 10, 10),
(53, 17, 22, 1, 20, 20),
(54, 17, 46, 1, 10, 10),
(55, 17, 64, 1, 10, 10),
(56, 17, 60, 1, 10, 10),
(57, 18, 68, 1, 50, 50),
(58, 18, 39, 1, 25, 25),
(59, 18, 63, 1, 10, 10),
(60, 19, 27, 1, 15, 15),
(61, 19, 48, 1, 10, 10),
(62, 19, 62, 1, 10, 10),
(63, 19, 63, 1, 10, 10),
(64, 20, 26, 1, 20, 20),
(65, 20, 36, 1, 15, 15),
(66, 20, 56, 1, 15, 15),
(67, 20, 64, 1, 10, 10);
